{
  "posts": [
    {
      "id": 1,
      "title": "json-server",
      "author": "typicode"
    }
  ],
  "comments": [
    {
      "id": 1,
      "body": "some comment",
      "postId": 1
    }
  ],
  "profile": {
    "name": "typicode"
  },
  "employees": [
    {
      "id": 1,
      "firstName": "Brinn",
      "lastName": "Jephcote",
      "email": "bjephcote0@archive.org",
      "dob": "1981-10-05T12:09:39Z",
      "gender": "Female",
      "education": "Graduate",
      "company": "Gabspot",
      "experience": 36,
      "package": 37
    },
    {
      "id": 2,
      "firstName": "Kenneth",
      "lastName": "MacElholm",
      "email": "kmacelholm1@sina.com.cn",
      "dob": "1991-09-12T22:14:02Z",
      "gender": "Male",
      "education": "Matric",
      "company": "Agivu",
      "experience": 75,
      "package": 17
    },
    {
      "id": 3,
      "firstName": "Kimmy",
      "lastName": "Penniall",
      "email": "kpenniall2@biblegateway.com",
      "dob": "1980-05-19T08:23:30Z",
      "gender": "Female",
      "education": "Graduate",
      "company": "Mycat",
      "experience": 45,
      "package": 17
    },
    {
      "firstName": "Amity",
      "lastName": "Guillard",
      "email": "aguillard3@blogspot.com",
      "dob": "1992-04-28T23:34:29Z",
      "gender": "others",
      "education": "Graduate",
      "company": "Youopia",
      "experience": 10,
      "package": 16,
      "id": 4
    },
    {
      "firstName": "Munmro",
      "lastName": "Wrangle",
      "email": "mwrangle4@network.org",
      "dob": "2002-06-04T05:11:37Z",
      "gender": "Male",
      "education": "Post Graduate",
      "company": "Jaxworks",
      "experience": 63,
      "package": 9,
      "id": 5
    },
    {
      "id": 6,
      "firstName": "Hunter",
      "lastName": "Lammenga",
      "email": "hlammenga5@studiopress.com",
      "dob": "1990-01-18T09:36:59Z",
      "gender": "Male",
      "education": "Intermediate",
      "company": "Wordpedia",
      "experience": 94,
      "package": 20
    },
    {
      "id": 7,
      "firstName": "Dot",
      "lastName": "Staterfield",
      "email": "dstaterfield6@icq.com",
      "dob": "1983-12-25T00:37:36Z",
      "gender": "Female",
      "education": "Post Graduate",
      "company": "Riffpath",
      "experience": 10,
      "package": 16
    },
    {
      "id": 8,
      "firstName": "Monika",
      "lastName": "Noni",
      "email": "mnoni7@eventbrite.com",
      "dob": "1985-06-11T00:30:28Z",
      "gender": "Female",
      "education": "Matric",
      "company": "Skinte",
      "experience": 9,
      "package": 32
    },
    {
      "id": 9,
      "firstName": "Ganny",
      "lastName": "Cammacke",
      "email": "gcammacke8@pbs.org",
      "dob": "1997-01-01T21:36:29Z",
      "gender": "Male",
      "education": "Diploma",
      "company": "Demizz",
      "experience": 30,
      "package": 28
    },
    {
      "id": 10,
      "firstName": "William",
      "lastName": "Farnish",
      "email": "wfarnish9@163.com",
      "dob": "1991-11-18T19:37:05Z",
      "gender": "Male",
      "education": "Matric",
      "company": "Teklist",
      "experience": 6,
      "package": 18
    },
    {
      "id": 11,
      "firstName": "Tim",
      "lastName": "Triggs",
      "email": "ttriggsa@statcounter.com",
      "dob": "1993-12-13T20:31:34Z",
      "gender": "Male",
      "education": "Matric",
      "company": "Tagpad",
      "experience": 11,
      "package": 33
    },
    {
      "id": 12,
      "firstName": "Ambrose",
      "lastName": "Khomishin",
      "email": "akhomishinb@washington.edu",
      "dob": "2004-08-20T06:35:39Z",
      "gender": "Male",
      "education": "Matric",
      "company": "Lajo",
      "experience": 90,
      "package": 8
    },
    {
      "id": 13,
      "firstName": "Ezmeralda",
      "lastName": "Darridon",
      "email": "edarridonc@army.mil",
      "dob": "1988-12-30T16:40:38Z",
      "gender": "Female",
      "education": "Matric",
      "company": "Skimia",
      "experience": 88,
      "package": 27
    },
    {
      "id": 14,
      "firstName": "Prue",
      "lastName": "Cashford",
      "email": "pcashfordd@printfriendly.com",
      "dob": "1983-07-16T06:20:31Z",
      "gender": "Female",
      "education": "Post Graduate",
      "company": "Voomm",
      "experience": 81,
      "package": 6
    },
    {
      "id": 15,
      "firstName": "Ogdon",
      "lastName": "Pendall",
      "email": "opendalle@businessweek.com",
      "dob": "1990-01-14T20:11:01Z",
      "gender": "Male",
      "education": "Diploma",
      "company": "Cogibox",
      "experience": 57,
      "package": 22
    },
    {
      "id": 16,
      "firstName": "Johannah",
      "lastName": "Corten",
      "email": "jcortenf@xing.com",
      "dob": "1985-08-05T16:59:24Z",
      "gender": "Female",
      "education": "Graduate",
      "company": "Izio",
      "experience": 29,
      "package": 16
    },
    {
      "id": 17,
      "firstName": "Helenka",
      "lastName": "Wardroper",
      "email": "hwardroperg@rediff.com",
      "dob": "1998-05-22T06:39:55Z",
      "gender": "Female",
      "education": "Graduate",
      "company": "Latz",
      "experience": 64,
      "package": 24
    },
    {
      "id": 18,
      "firstName": "Scotti",
      "lastName": "Hapke",
      "email": "shapkeh@netlog.com",
      "dob": "1999-02-21T04:57:52Z",
      "gender": "Male",
      "education": "Graduate",
      "company": "Wordify",
      "experience": 21,
      "package": 27
    },
    {
      "firstName": "Ramona",
      "lastName": "Rathjen",
      "email": "rrathjeni@chronoengine.com",
      "dob": "1986-07-04T01:31:10Z",
      "gender": "others",
      "education": "Intermediate",
      "company": "Demivee",
      "experience": 1,
      "package": 36,
      "id": 19
    },
    {
      "id": 20,
      "firstName": "Dermot",
      "lastName": "Garralts",
      "email": "dgarraltsj@archive.org",
      "dob": "1997-06-01T08:46:41Z",
      "gender": "Male",
      "education": "Graduate",
      "company": "Mydeo",
      "experience": 20,
      "package": 12
    },
    {
      "id": 21,
      "firstName": "Sidnee",
      "lastName": "Dannett",
      "email": "sdannettk@hao123.com",
      "dob": "1989-01-25T06:47:09Z",
      "gender": "Agender",
      "education": "Intermediate",
      "company": "Eazzy",
      "experience": 98,
      "package": 37
    },
    {
      "id": 22,
      "firstName": "Berthe",
      "lastName": "Chaves",
      "email": "bchavesl@howstuffworks.com",
      "dob": "2002-06-03T14:10:12Z",
      "gender": "Female",
      "education": "Intermediate",
      "company": "Edgewire",
      "experience": 67,
      "package": 13
    },
    {
      "id": 23,
      "firstName": "Constantin",
      "lastName": "Antoniades",
      "email": "cantoniadesm@salon.com",
      "dob": "1982-06-01T05:00:57Z",
      "gender": "Male",
      "education": "Graduate",
      "company": "Rhycero",
      "experience": 31,
      "package": 8
    },
    {
      "id": 24,
      "firstName": "Evered",
      "lastName": "Osanne",
      "email": "eosannen@mapy.cz",
      "dob": "1981-02-09T22:30:42Z",
      "gender": "Male",
      "education": "Matric",
      "company": "Photolist",
      "experience": 69,
      "package": 34
    },
    {
      "id": 25,
      "firstName": "Dorey",
      "lastName": "Palffrey",
      "email": "dpalffreyo@hud.gov",
      "dob": "2003-07-10T12:47:25Z",
      "gender": "Male",
      "education": "Matric",
      "company": "Camido",
      "experience": 32,
      "package": 38
    },
    {
      "id": 26,
      "firstName": "Fleurette",
      "lastName": "Dalgardno",
      "email": "fdalgardnop@hugedomains.com",
      "dob": "2003-03-21T11:18:23Z",
      "gender": "Female",
      "education": "Matric",
      "company": "Divavu",
      "experience": 36,
      "package": 36
    },
    {
      "id": 27,
      "firstName": "Byrom",
      "lastName": "Dolley",
      "email": "bdolleyq@buzzfeed.com",
      "dob": "1981-03-11T06:21:26Z",
      "gender": "Male",
      "education": "Intermediate",
      "company": "Voomm",
      "experience": 15,
      "package": 23
    },
    {
      "id": 28,
      "firstName": "Nalani",
      "lastName": "Bonham",
      "email": "nbonhamr@unc.edu",
      "dob": "1990-04-06T03:40:30Z",
      "gender": "Female",
      "education": "Intermediate",
      "company": "Riffwire",
      "experience": 97,
      "package": 26
    },
    {
      "id": 29,
      "firstName": "Wallache",
      "lastName": "Haggidon",
      "email": "whaggidons@delicious.com",
      "dob": "1985-03-29T23:42:59Z",
      "gender": "Male",
      "education": "Graduate",
      "company": "Linklinks",
      "experience": 59,
      "package": 7
    },
    {
      "id": 30,
      "firstName": "Aliza",
      "lastName": "Spratling",
      "email": "aspratlingt@reddit.com",
      "dob": "1994-02-14T04:59:39Z",
      "gender": "Female",
      "education": "Matric",
      "company": "Npath",
      "experience": 50,
      "package": 8
    },
    {
      "id": 31,
      "firstName": "Celle",
      "lastName": "Illsley",
      "email": "cillsleyu@tinypic.com",
      "dob": "2001-07-02T11:35:17Z",
      "gender": "Female",
      "education": "Graduate",
      "company": "Chatterpoint",
      "experience": 1,
      "package": 37
    },
    {
      "id": 32,
      "firstName": "Hamlen",
      "lastName": "Springate",
      "email": "hspringatev@time.com",
      "dob": "1980-10-17T07:30:58Z",
      "gender": "Male",
      "education": "Intermediate",
      "company": "Photospace",
      "experience": 79,
      "package": 5
    },
    {
      "id": 33,
      "firstName": "Hagan",
      "lastName": "Chatenet",
      "email": "hchatenetw@npr.org",
      "dob": "1981-07-25T07:24:32Z",
      "gender": "Male",
      "education": "Post Graduate",
      "company": "Zoozzy",
      "experience": 44,
      "package": 40
    },
    {
      "id": 34,
      "firstName": "Farlay",
      "lastName": "Hriinchenko",
      "email": "fhriinchenkox@senate.gov",
      "dob": "1980-07-11T00:54:47Z",
      "gender": "Male",
      "education": "Matric",
      "company": "Zoozzy",
      "experience": 39,
      "package": 17
    },
    {
      "id": 35,
      "firstName": "Hurley",
      "lastName": "Kunat",
      "email": "hkunaty@ed.gov",
      "dob": "1985-04-22T12:01:24Z",
      "gender": "Male",
      "education": "Graduate",
      "company": "Devify",
      "experience": 22,
      "package": 34
    },
    {
      "id": 36,
      "firstName": "Alfred",
      "lastName": "Oxenham",
      "email": "aoxenhamz@yellowpages.com",
      "dob": "1983-01-27T00:42:51Z",
      "gender": "Agender",
      "education": "Graduate",
      "company": "Topicblab",
      "experience": 52,
      "package": 11
    },
    {
      "id": 37,
      "firstName": "Adelheid",
      "lastName": "Mowday",
      "email": "amowday10@goo.gl",
      "dob": "1995-02-08T10:43:46Z",
      "gender": "Female",
      "education": "Post Graduate",
      "company": "Jabbertype",
      "experience": 50,
      "package": 38
    },
    {
      "id": 38,
      "firstName": "Cesya",
      "lastName": "Bevens",
      "email": "cbevens11@umn.edu",
      "dob": "1982-09-14T20:00:37Z",
      "gender": "Female",
      "education": "Graduate",
      "company": "Skivee",
      "experience": 62,
      "package": 27
    },
    {
      "id": 39,
      "firstName": "Bab",
      "lastName": "Toothill",
      "email": "btoothill12@creativecommons.org",
      "dob": "1993-01-02T15:33:01Z",
      "gender": "Female",
      "education": "Post Graduate",
      "company": "Fivebridge",
      "experience": 34,
      "package": 26
    },
    {
      "id": 40,
      "firstName": "Star",
      "lastName": "Doutch",
      "email": "sdoutch13@google.ca",
      "dob": "1987-08-02T15:26:32Z",
      "gender": "Female",
      "education": "Intermediate",
      "company": "Devcast",
      "experience": 93,
      "package": 28
    },
    {
      "id": 41,
      "firstName": "Walliw",
      "lastName": "Rowat",
      "email": "wrowat14@google.com.br",
      "dob": "1999-07-10T16:05:48Z",
      "gender": "Female",
      "education": "Graduate",
      "company": "Kayveo",
      "experience": 21,
      "package": 17
    },
    {
      "id": 42,
      "firstName": "Naoma",
      "lastName": "Bardill",
      "email": "nbardill15@taobao.com",
      "dob": "1997-08-16T04:59:29Z",
      "gender": "Female",
      "education": "Matric",
      "company": "Fanoodle",
      "experience": 62,
      "package": 12
    },
    {
      "id": 43,
      "firstName": "Simonne",
      "lastName": "Bellinger",
      "email": "sbellinger16@auda.org.au",
      "dob": "1999-04-24T19:16:35Z",
      "gender": "Female",
      "education": "Graduate",
      "company": "Brainverse",
      "experience": 15,
      "package": 40
    },
    {
      "id": 44,
      "firstName": "Kacie",
      "lastName": "Litterick",
      "email": "klitterick17@wikipedia.org",
      "dob": "1993-06-01T01:56:17Z",
      "gender": "Genderqueer",
      "education": "Graduate",
      "company": "Rhyloo",
      "experience": 26,
      "package": 25
    },
    {
      "id": 45,
      "firstName": "Fowler",
      "lastName": "Navaro",
      "email": "fnavaro18@feedburner.com",
      "dob": "1984-05-02T10:35:31Z",
      "gender": "Male",
      "education": "Intermediate",
      "company": "Mynte",
      "experience": 57,
      "package": 32
    },
    {
      "id": 46,
      "firstName": "Lynnett",
      "lastName": "O'Flaverty",
      "email": "loflaverty19@eventbrite.com",
      "dob": "1993-07-11T05:05:34Z",
      "gender": "Female",
      "education": "Intermediate",
      "company": "Riffpedia",
      "experience": 57,
      "package": 26
    },
    {
      "id": 47,
      "firstName": "Shela",
      "lastName": "Berzin",
      "email": "sberzin1a@msu.edu",
      "dob": "2000-03-23T15:10:12Z",
      "gender": "Female",
      "education": "Graduate",
      "company": "Blogspan",
      "experience": 52,
      "package": 13
    },
    {
      "id": 48,
      "firstName": "Hercule",
      "lastName": "Langhorne",
      "email": "hlanghorne1b@netvibes.com",
      "dob": "2003-09-11T01:32:16Z",
      "gender": "Male",
      "education": "Intermediate",
      "company": "Latz",
      "experience": 37,
      "package": 14
    },
    {
      "id": 49,
      "firstName": "Brina",
      "lastName": "Shinton",
      "email": "bshinton1c@ovh.net",
      "dob": "1995-12-31T16:46:40Z",
      "gender": "Female",
      "education": "Intermediate",
      "company": "Dablist",
      "experience": 19,
      "package": 26
    },
    {
      "id": 50,
      "firstName": "Stormie",
      "lastName": "Toomer",
      "email": "stoomer1d@umich.edu",
      "dob": "1989-09-05T11:51:05Z",
      "gender": "Female",
      "education": "Post Graduate",
      "company": "Zoomlounge",
      "experience": 93,
      "package": 33
    },
    {
      "id": 51,
      "firstName": "Ugo",
      "lastName": "Reader",
      "email": "ureader1e@tuttocitta.it",
      "dob": "1983-10-06T23:12:01Z",
      "gender": "Male",
      "education": "Intermediate",
      "company": "Skipstorm",
      "experience": 98,
      "package": 8
    },
    {
      "id": 52,
      "firstName": "Fabe",
      "lastName": "Senner",
      "email": "fsenner1f@g.co",
      "dob": "1980-11-25T03:26:07Z",
      "gender": "Male",
      "education": "Matric",
      "company": "Skyble",
      "experience": 35,
      "package": 21
    },
    {
      "id": 53,
      "firstName": "Mikey",
      "lastName": "Dominy",
      "email": "mdominy1g@usnews.com",
      "dob": "1989-12-06T23:45:32Z",
      "gender": "Male",
      "education": "Diploma",
      "company": "Aimbu",
      "experience": 25,
      "package": 11
    },
    {
      "id": 54,
      "firstName": "Iorgo",
      "lastName": "Cockshoot",
      "email": "icockshoot1h@examiner.com",
      "dob": "1998-10-14T21:51:25Z",
      "gender": "Male",
      "education": "Intermediate",
      "company": "Aimbo",
      "experience": 98,
      "package": 31
    },
    {
      "id": 55,
      "firstName": "Emile",
      "lastName": "Roman",
      "email": "eroman1i@php.net",
      "dob": "1982-02-05T07:59:25Z",
      "gender": "Male",
      "education": "Matric",
      "company": "Divanoodle",
      "experience": 62,
      "package": 11
    },
    {
      "id": 56,
      "firstName": "Leanora",
      "lastName": "Coneybeare",
      "email": "lconeybeare1j@de.vu",
      "dob": "2000-02-26T12:52:40Z",
      "gender": "Female",
      "education": "Matric",
      "company": "Kare",
      "experience": 58,
      "package": 37
    },
    {
      "id": 57,
      "firstName": "Sally",
      "lastName": "Chander",
      "email": "schander1k@utexas.edu",
      "dob": "1980-03-08T07:23:43Z",
      "gender": "Female",
      "education": "Matric",
      "company": "Eare",
      "experience": 32,
      "package": 28
    },
    {
      "id": 58,
      "firstName": "Cecil",
      "lastName": "Ironmonger",
      "email": "cironmonger1l@forbes.com",
      "dob": "1983-05-24T10:26:44Z",
      "gender": "Male",
      "education": "Post Graduate",
      "company": "Rooxo",
      "experience": 99,
      "package": 22
    },
    {
      "id": 59,
      "firstName": "Colas",
      "lastName": "Bonar",
      "email": "cbonar1m@privacy.gov.au",
      "dob": "1990-08-12T03:06:17Z",
      "gender": "Male",
      "education": "Post Graduate",
      "company": "Thoughtstorm",
      "experience": 2,
      "package": 33
    },
    {
      "id": 60,
      "firstName": "Skipp",
      "lastName": "Tubritt",
      "email": "stubritt1n@dropbox.com",
      "dob": "1982-08-12T22:47:24Z",
      "gender": "Male",
      "education": "Graduate",
      "company": "Gevee",
      "experience": 5,
      "package": 31
    },
    {
      "id": 61,
      "firstName": "Alexandr",
      "lastName": "Rubbert",
      "email": "arubbert1o@umich.edu",
      "dob": "1984-12-22T22:13:02Z",
      "gender": "Male",
      "education": "Diploma",
      "company": "Myworks",
      "experience": 99,
      "package": 17
    },
    {
      "id": 62,
      "firstName": "Shirl",
      "lastName": "Kynastone",
      "email": "skynastone1p@hexun.com",
      "dob": "2001-06-29T18:30:49Z",
      "gender": "Female",
      "education": "Diploma",
      "company": "Mynte",
      "experience": 13,
      "package": 7
    },
    {
      "id": 63,
      "firstName": "Julia",
      "lastName": "Benny",
      "email": "jbenny1q@prlog.org",
      "dob": "1981-09-21T06:20:23Z",
      "gender": "Female",
      "education": "Matric",
      "company": "Wikido",
      "experience": 48,
      "package": 6
    },
    {
      "id": 64,
      "firstName": "Pancho",
      "lastName": "O'Grada",
      "email": "pograda1r@ameblo.jp",
      "dob": "1987-09-08T01:36:33Z",
      "gender": "Male",
      "education": "Diploma",
      "company": "Topdrive",
      "experience": 22,
      "package": 17
    },
    {
      "id": 65,
      "firstName": "Gordon",
      "lastName": "Mumbray",
      "email": "gmumbray1s@artisteer.com",
      "dob": "1991-02-18T06:51:12Z",
      "gender": "Male",
      "education": "Intermediate",
      "company": "Voonder",
      "experience": 13,
      "package": 12
    },
    {
      "id": 66,
      "firstName": "Allix",
      "lastName": "Spellecy",
      "email": "aspellecy1t@ucoz.com",
      "dob": "1989-11-06T21:08:32Z",
      "gender": "Female",
      "education": "Matric",
      "company": "Zoomzone",
      "experience": 93,
      "package": 8
    },
    {
      "id": 67,
      "firstName": "Godard",
      "lastName": "Pigot",
      "email": "gpigot1u@facebook.com",
      "dob": "1999-11-24T02:36:08Z",
      "gender": "Male",
      "education": "Intermediate",
      "company": "Jaxbean",
      "experience": 42,
      "package": 40
    },
    {
      "id": 68,
      "firstName": "Alexandra",
      "lastName": "Sundin",
      "email": "asundin1v@blinklist.com",
      "dob": "1994-10-24T11:53:12Z",
      "gender": "Female",
      "education": "Graduate",
      "company": "Lazzy",
      "experience": 3,
      "package": 5
    },
    {
      "id": 69,
      "firstName": "Tucker",
      "lastName": "Stubbings",
      "email": "tstubbings1w@desdev.cn",
      "dob": "1993-12-07T22:58:32Z",
      "gender": "Male",
      "education": "Matric",
      "company": "Buzzdog",
      "experience": 50,
      "package": 37
    },
    {
      "id": 70,
      "firstName": "Ellie",
      "lastName": "Kybird",
      "email": "ekybird1x@whitehouse.gov",
      "dob": "1994-04-03T05:00:08Z",
      "gender": "Female",
      "education": "Matric",
      "company": "Twitterbridge",
      "experience": 40,
      "package": 23
    },
    {
      "id": 71,
      "firstName": "Mateo",
      "lastName": "Clunan",
      "email": "mclunan1y@github.com",
      "dob": "1988-12-08T02:45:34Z",
      "gender": "Male",
      "education": "Graduate",
      "company": "Avamba",
      "experience": 6,
      "package": 17
    },
    {
      "id": 72,
      "firstName": "Lacie",
      "lastName": "Anstead",
      "email": "lanstead1z@csmonitor.com",
      "dob": "1989-06-05T03:42:27Z",
      "gender": "Agender",
      "education": "Intermediate",
      "company": "Thoughtstorm",
      "experience": 8,
      "package": 22
    },
    {
      "id": 73,
      "firstName": "Rosemarie",
      "lastName": "Gabbitis",
      "email": "rgabbitis20@dell.com",
      "dob": "1994-07-20T21:20:22Z",
      "gender": "Female",
      "education": "Matric",
      "company": "Roomm",
      "experience": 66,
      "package": 21
    },
    {
      "id": 74,
      "firstName": "Hobard",
      "lastName": "Paeckmeyer",
      "email": "hpaeckmeyer21@addtoany.com",
      "dob": "1991-05-21T08:03:49Z",
      "gender": "Male",
      "education": "Post Graduate",
      "company": "Skivee",
      "experience": 70,
      "package": 10
    },
    {
      "id": 75,
      "firstName": "Cherilyn",
      "lastName": "O'Rowane",
      "email": "corowane22@wikimedia.org",
      "dob": "1985-07-17T14:52:33Z",
      "gender": "Female",
      "education": "Intermediate",
      "company": "Twitterwire",
      "experience": 70,
      "package": 36
    },
    {
      "id": 76,
      "firstName": "Curcio",
      "lastName": "Van der Veldt",
      "email": "cvanderveldt23@ifeng.com",
      "dob": "2004-09-18T01:37:05Z",
      "gender": "Male",
      "education": "Diploma",
      "company": "Agimba",
      "experience": 30,
      "package": 11
    },
    {
      "id": 77,
      "firstName": "Weider",
      "lastName": "Willmore",
      "email": "wwillmore24@addthis.com",
      "dob": "2003-11-11T20:31:28Z",
      "gender": "Male",
      "education": "Post Graduate",
      "company": "Nlounge",
      "experience": 87,
      "package": 36
    },
    {
      "id": 78,
      "firstName": "Boris",
      "lastName": "Crumby",
      "email": "bcrumby25@mapy.cz",
      "dob": "2003-08-10T10:40:04Z",
      "gender": "Male",
      "education": "Post Graduate",
      "company": "Topicshots",
      "experience": 26,
      "package": 19
    },
    {
      "id": 79,
      "firstName": "Godfrey",
      "lastName": "McBrier",
      "email": "gmcbrier26@icq.com",
      "dob": "1980-06-06T04:07:19Z",
      "gender": "Male",
      "education": "Intermediate",
      "company": "Chatterpoint",
      "experience": 48,
      "package": 11
    },
    {
      "id": 80,
      "firstName": "Chico",
      "lastName": "Casellas",
      "email": "ccasellas27@businessinsider.com",
      "dob": "1982-06-18T10:30:47Z",
      "gender": "Male",
      "education": "Post Graduate",
      "company": "Eabox",
      "experience": 50,
      "package": 10
    },
    {
      "id": 81,
      "firstName": "Sena",
      "lastName": "O'Leagham",
      "email": "soleagham28@jalbum.net",
      "dob": "1980-10-04T12:19:43Z",
      "gender": "Female",
      "education": "Graduate",
      "company": "Abatz",
      "experience": 87,
      "package": 34
    },
    {
      "id": 82,
      "firstName": "Rance",
      "lastName": "Plitz",
      "email": "rplitz29@google.co.uk",
      "dob": "1991-05-02T00:45:29Z",
      "gender": "Male",
      "education": "Post Graduate",
      "company": "Roomm",
      "experience": 92,
      "package": 24
    },
    {
      "id": 83,
      "firstName": "Foss",
      "lastName": "Laity",
      "email": "flaity2a@scribd.com",
      "dob": "2001-02-11T07:06:34Z",
      "gender": "Male",
      "education": "Intermediate",
      "company": "Twitterworks",
      "experience": 86,
      "package": 12
    },
    {
      "id": 84,
      "firstName": "Brittan",
      "lastName": "Pawlowicz",
      "email": "bpawlowicz2b@youtu.be",
      "dob": "1982-05-03T15:34:43Z",
      "gender": "Female",
      "education": "Intermediate",
      "company": "Abata",
      "experience": 94,
      "package": 14
    },
    {
      "id": 85,
      "firstName": "Marcille",
      "lastName": "Gianinotti",
      "email": "mgianinotti2c@fda.gov",
      "dob": "1982-11-25T14:38:45Z",
      "gender": "Female",
      "education": "Post Graduate",
      "company": "Jabberbean",
      "experience": 52,
      "package": 24
    },
    {
      "id": 86,
      "firstName": "Bear",
      "lastName": "Le Batteur",
      "email": "blebatteur2d@google.it",
      "dob": "2003-12-28T07:47:25Z",
      "gender": "Male",
      "education": "Post Graduate",
      "company": "Roombo",
      "experience": 97,
      "package": 37
    },
    {
      "id": 87,
      "firstName": "Raye",
      "lastName": "Dendle",
      "email": "rdendle2e@soundcloud.com",
      "dob": "1982-02-22T16:31:38Z",
      "gender": "Female",
      "education": "Graduate",
      "company": "Gabspot",
      "experience": 64,
      "package": 17
    },
    {
      "id": 88,
      "firstName": "Randolf",
      "lastName": "Shirlaw",
      "email": "rshirlaw2f@instagram.com",
      "dob": "1985-03-12T09:12:55Z",
      "gender": "Polygender",
      "education": "Diploma",
      "company": "Youbridge",
      "experience": 18,
      "package": 23
    },
    {
      "id": 89,
      "firstName": "Alvy",
      "lastName": "Veale",
      "email": "aveale2g@discovery.com",
      "dob": "1997-06-10T03:43:56Z",
      "gender": "Male",
      "education": "Intermediate",
      "company": "Twiyo",
      "experience": 47,
      "package": 16
    },
    {
      "id": 90,
      "firstName": "Hannis",
      "lastName": "Rolph",
      "email": "hrolph2h@lulu.com",
      "dob": "1986-11-14T21:50:35Z",
      "gender": "Female",
      "education": "Diploma",
      "company": "Gabspot",
      "experience": 85,
      "package": 34
    },
    {
      "id": 91,
      "firstName": "Tasia",
      "lastName": "Garton",
      "email": "tgarton2i@addtoany.com",
      "dob": "1989-07-28T03:54:46Z",
      "gender": "Female",
      "education": "Intermediate",
      "company": "Realfire",
      "experience": 62,
      "package": 24
    },
    {
      "id": 92,
      "firstName": "Ambros",
      "lastName": "Fishbourne",
      "email": "afishbourne2j@dropbox.com",
      "dob": "1983-06-16T22:19:11Z",
      "gender": "Male",
      "education": "Post Graduate",
      "company": "Wikido",
      "experience": 57,
      "package": 14
    },
    {
      "id": 93,
      "firstName": "Bing",
      "lastName": "Scudders",
      "email": "bscudders2k@i2i.jp",
      "dob": "1986-02-07T00:49:19Z",
      "gender": "Male",
      "education": "Graduate",
      "company": "Yodo",
      "experience": 44,
      "package": 19
    },
    {
      "id": 94,
      "firstName": "Timmy",
      "lastName": "Josselsohn",
      "email": "tjosselsohn2l@ow.ly",
      "dob": "1986-02-23T20:31:07Z",
      "gender": "Female",
      "education": "Diploma",
      "company": "Zava",
      "experience": 100,
      "package": 19
    },
    {
      "id": 95,
      "firstName": "Cordula",
      "lastName": "McFade",
      "email": "cmcfade2m@reddit.com",
      "dob": "2004-05-12T22:02:32Z",
      "gender": "Female",
      "education": "Matric",
      "company": "Edgeclub",
      "experience": 38,
      "package": 26
    },
    {
      "id": 96,
      "firstName": "Seward",
      "lastName": "Badham",
      "email": "sbadham2n@altervista.org",
      "dob": "1986-10-18T22:42:38Z",
      "gender": "Male",
      "education": "Intermediate",
      "company": "Aivee",
      "experience": 83,
      "package": 6
    },
    {
      "id": 97,
      "firstName": "Kimball",
      "lastName": "Richly",
      "email": "krichly2o@google.ru",
      "dob": "1996-08-02T12:29:06Z",
      "gender": "Male",
      "education": "Intermediate",
      "company": "Mydeo",
      "experience": 76,
      "package": 20
    },
    {
      "id": 98,
      "firstName": "Erwin",
      "lastName": "Trowell",
      "email": "etrowell2p@disqus.com",
      "dob": "1986-10-04T12:54:28Z",
      "gender": "Male",
      "education": "Diploma",
      "company": "Avamm",
      "experience": 10,
      "package": 35
    },
    {
      "id": 99,
      "firstName": "Marya",
      "lastName": "Strangeways",
      "email": "mstrangeways2q@hostgator.com",
      "dob": "1987-02-07T03:56:20Z",
      "gender": "Female",
      "education": "Matric",
      "company": "Skiptube",
      "experience": 16,
      "package": 12
    },
    {
      "id": 100,
      "firstName": "Borg",
      "lastName": "Pittendreigh",
      "email": "bpittendreigh2r@nih.gov",
      "dob": "1985-11-25T10:01:19Z",
      "gender": "Male",
      "education": "Diploma",
      "company": "Mudo",
      "experience": 27,
      "package": 7
    },
    {
      "id": 101,
      "firstName": "Kaela",
      "lastName": "Jura",
      "email": "kjura2s@adobe.com",
      "dob": "1990-04-17T21:39:53Z",
      "gender": "Female",
      "education": "Diploma",
      "company": "Thoughtsphere",
      "experience": 72,
      "package": 21
    },
    {
      "id": 102,
      "firstName": "Gerry",
      "lastName": "Weighell",
      "email": "gweighell2t@time.com",
      "dob": "2004-02-07T17:05:21Z",
      "gender": "Male",
      "education": "Graduate",
      "company": "Ooba",
      "experience": 17,
      "package": 39
    },
    {
      "id": 103,
      "firstName": "Alastair",
      "lastName": "O' Finan",
      "email": "aofinan2u@amazon.de",
      "dob": "1996-06-04T19:15:24Z",
      "gender": "Male",
      "education": "Diploma",
      "company": "Brainlounge",
      "experience": 70,
      "package": 34
    },
    {
      "id": 104,
      "firstName": "Shadow",
      "lastName": "Fruin",
      "email": "sfruin2v@mozilla.org",
      "dob": "1995-11-19T06:37:01Z",
      "gender": "Agender",
      "education": "Matric",
      "company": "Lazz",
      "experience": 13,
      "package": 6
    },
    {
      "id": 105,
      "firstName": "Babbie",
      "lastName": "Feeny",
      "email": "bfeeny2w@tuttocitta.it",
      "dob": "2001-08-05T06:31:39Z",
      "gender": "Female",
      "education": "Matric",
      "company": "Zoovu",
      "experience": 89,
      "package": 5
    },
    {
      "id": 106,
      "firstName": "Nevsa",
      "lastName": "Leabeater",
      "email": "nleabeater2x@github.com",
      "dob": "2003-03-24T10:11:14Z",
      "gender": "Female",
      "education": "Graduate",
      "company": "Eare",
      "experience": 87,
      "package": 36
    },
    {
      "id": 107,
      "firstName": "Tommie",
      "lastName": "Klimas",
      "email": "tklimas2y@zdnet.com",
      "dob": "1995-10-14T18:15:02Z",
      "gender": "Male",
      "education": "Post Graduate",
      "company": "Jetpulse",
      "experience": 54,
      "package": 19
    },
    {
      "id": 108,
      "firstName": "Ariana",
      "lastName": "Lowden",
      "email": "alowden2z@pen.io",
      "dob": "1997-09-09T11:22:39Z",
      "gender": "Non-binary",
      "education": "Intermediate",
      "company": "Zoomcast",
      "experience": 98,
      "package": 25
    },
    {
      "id": 109,
      "firstName": "Corny",
      "lastName": "Layborn",
      "email": "clayborn30@aboutads.info",
      "dob": "1995-05-13T20:08:12Z",
      "gender": "Male",
      "education": "Diploma",
      "company": "DabZ",
      "experience": 21,
      "package": 11
    },
    {
      "id": 110,
      "firstName": "Gasparo",
      "lastName": "Ker",
      "email": "gker31@technorati.com",
      "dob": "1985-04-22T12:33:44Z",
      "gender": "Male",
      "education": "Post Graduate",
      "company": "Mita",
      "experience": 28,
      "package": 21
    },
    {
      "id": 111,
      "firstName": "Camile",
      "lastName": "Joddins",
      "email": "cjoddins32@lycos.com",
      "dob": "1984-09-06T12:12:07Z",
      "gender": "Female",
      "education": "Intermediate",
      "company": "Shufflebeat",
      "experience": 76,
      "package": 11
    },
    {
      "id": 112,
      "firstName": "Tabbatha",
      "lastName": "Sewall",
      "email": "tsewall33@mysql.com",
      "dob": "1999-03-16T01:30:46Z",
      "gender": "Female",
      "education": "Intermediate",
      "company": "Oyope",
      "experience": 56,
      "package": 25
    },
    {
      "id": 113,
      "firstName": "Nettie",
      "lastName": "Deveraux",
      "email": "ndeveraux34@qq.com",
      "dob": "2004-07-08T01:55:33Z",
      "gender": "Female",
      "education": "Matric",
      "company": "Thoughtstorm",
      "experience": 34,
      "package": 35
    },
    {
      "id": 114,
      "firstName": "Valdemar",
      "lastName": "Tomaszczyk",
      "email": "vtomaszczyk35@com.com",
      "dob": "1990-08-13T14:32:21Z",
      "gender": "Male",
      "education": "Post Graduate",
      "company": "Browseblab",
      "experience": 23,
      "package": 8
    },
    {
      "id": 115,
      "firstName": "Galven",
      "lastName": "Tottle",
      "email": "gtottle36@quantcast.com",
      "dob": "2000-02-01T19:39:17Z",
      "gender": "Male",
      "education": "Post Graduate",
      "company": "Meetz",
      "experience": 21,
      "package": 28
    },
    {
      "id": 116,
      "firstName": "Gratia",
      "lastName": "Silman",
      "email": "gsilman37@weebly.com",
      "dob": "1984-03-04T00:03:55Z",
      "gender": "Non-binary",
      "education": "Diploma",
      "company": "Plambee",
      "experience": 69,
      "package": 30
    },
    {
      "id": 117,
      "firstName": "Seymour",
      "lastName": "Dibdale",
      "email": "sdibdale38@webs.com",
      "dob": "1994-02-19T05:50:41Z",
      "gender": "Male",
      "education": "Matric",
      "company": "Avavee",
      "experience": 72,
      "package": 8
    },
    {
      "id": 118,
      "firstName": "Mannie",
      "lastName": "Harmond",
      "email": "mharmond39@cyberchimps.com",
      "dob": "1985-09-14T05:28:48Z",
      "gender": "Male",
      "education": "Post Graduate",
      "company": "Izio",
      "experience": 15,
      "package": 26
    },
    {
      "id": 119,
      "firstName": "Anne",
      "lastName": "Rome",
      "email": "arome3a@fema.gov",
      "dob": "2000-01-21T10:14:39Z",
      "gender": "Female",
      "education": "Diploma",
      "company": "Tavu",
      "experience": 12,
      "package": 36
    },
    {
      "id": 120,
      "firstName": "Hirsch",
      "lastName": "Foord",
      "email": "hfoord3b@prweb.com",
      "dob": "1990-12-27T13:22:22Z",
      "gender": "Agender",
      "education": "Matric",
      "company": "Zoonder",
      "experience": 89,
      "package": 8
    },
    {
      "id": 121,
      "firstName": "Glenna",
      "lastName": "Trehearn",
      "email": "gtrehearn3c@netscape.com",
      "dob": "1982-11-06T10:08:43Z",
      "gender": "Female",
      "education": "Matric",
      "company": "Vinder",
      "experience": 63,
      "package": 11
    },
    {
      "id": 122,
      "firstName": "Silvanus",
      "lastName": "Vynoll",
      "email": "svynoll3d@51.la",
      "dob": "1994-12-21T09:06:01Z",
      "gender": "Male",
      "education": "Matric",
      "company": "Fliptune",
      "experience": 68,
      "package": 34
    },
    {
      "id": 123,
      "firstName": "Kyrstin",
      "lastName": "Craddock",
      "email": "kcraddock3e@csmonitor.com",
      "dob": "1998-07-25T02:50:51Z",
      "gender": "Female",
      "education": "Matric",
      "company": "Twimm",
      "experience": 55,
      "package": 28
    },
    {
      "id": 124,
      "firstName": "Jon",
      "lastName": "Repp",
      "email": "jrepp3f@mit.edu",
      "dob": "1993-07-08T12:31:46Z",
      "gender": "Male",
      "education": "Intermediate",
      "company": "Babbleset",
      "experience": 94,
      "package": 8
    },
    {
      "id": 125,
      "firstName": "Munmro",
      "lastName": "Eydel",
      "email": "meydel3g@rediff.com",
      "dob": "1983-10-12T00:33:55Z",
      "gender": "Male",
      "education": "Diploma",
      "company": "Wikibox",
      "experience": 43,
      "package": 31
    },
    {
      "id": 126,
      "firstName": "Blinnie",
      "lastName": "Bohman",
      "email": "bbohman3h@ucsd.edu",
      "dob": "1983-04-28T23:11:45Z",
      "gender": "Female",
      "education": "Matric",
      "company": "Devbug",
      "experience": 22,
      "package": 8
    },
    {
      "id": 127,
      "firstName": "Minni",
      "lastName": "Yegorovnin",
      "email": "myegorovnin3i@imdb.com",
      "dob": "1996-11-07T08:55:10Z",
      "gender": "Female",
      "education": "Post Graduate",
      "company": "Zoomdog",
      "experience": 70,
      "package": 37
    },
    {
      "id": 128,
      "firstName": "Norina",
      "lastName": "Sulman",
      "email": "nsulman3j@ftc.gov",
      "dob": "2000-04-19T05:38:07Z",
      "gender": "Female",
      "education": "Post Graduate",
      "company": "Thoughtbeat",
      "experience": 16,
      "package": 26
    },
    {
      "id": 129,
      "firstName": "Rex",
      "lastName": "Letertre",
      "email": "rletertre3k@pcworld.com",
      "dob": "1985-08-08T10:37:17Z",
      "gender": "Male",
      "education": "Intermediate",
      "company": "Photobug",
      "experience": 1,
      "package": 28
    },
    {
      "id": 130,
      "firstName": "Mirabelle",
      "lastName": "Rameaux",
      "email": "mrameaux3l@360.cn",
      "dob": "1988-11-26T03:57:01Z",
      "gender": "Female",
      "education": "Diploma",
      "company": "Skynoodle",
      "experience": 36,
      "package": 21
    },
    {
      "id": 131,
      "firstName": "Bridget",
      "lastName": "Skittle",
      "email": "bskittle3m@multiply.com",
      "dob": "1980-01-28T16:28:24Z",
      "gender": "Female",
      "education": "Matric",
      "company": "Dynava",
      "experience": 61,
      "package": 25
    },
    {
      "id": 132,
      "firstName": "Freddie",
      "lastName": "Greated",
      "email": "fgreated3n@about.me",
      "dob": "1992-02-07T17:55:06Z",
      "gender": "Female",
      "education": "Post Graduate",
      "company": "JumpXS",
      "experience": 70,
      "package": 16
    },
    {
      "id": 133,
      "firstName": "Alfy",
      "lastName": "Shakelade",
      "email": "ashakelade3o@earthlink.net",
      "dob": "2003-07-16T20:09:03Z",
      "gender": "Female",
      "education": "Intermediate",
      "company": "Skyba",
      "experience": 71,
      "package": 29
    },
    {
      "id": 134,
      "firstName": "Coral",
      "lastName": "Duggen",
      "email": "cduggen3p@facebook.com",
      "dob": "1981-02-15T03:28:16Z",
      "gender": "Female",
      "education": "Diploma",
      "company": "Jaxbean",
      "experience": 78,
      "package": 6
    },
    {
      "id": 135,
      "firstName": "Claudio",
      "lastName": "Pobjay",
      "email": "cpobjay3q@naver.com",
      "dob": "1984-03-05T00:16:12Z",
      "gender": "Male",
      "education": "Intermediate",
      "company": "Mymm",
      "experience": 76,
      "package": 8
    },
    {
      "id": 136,
      "firstName": "Rurik",
      "lastName": "Championnet",
      "email": "rchampionnet3r@usa.gov",
      "dob": "2000-10-24T13:52:26Z",
      "gender": "Male",
      "education": "Intermediate",
      "company": "Centizu",
      "experience": 45,
      "package": 36
    },
    {
      "id": 137,
      "firstName": "Bev",
      "lastName": "Reilly",
      "email": "breilly3s@seattletimes.com",
      "dob": "1994-12-10T22:50:01Z",
      "gender": "Male",
      "education": "Graduate",
      "company": "Devify",
      "experience": 61,
      "package": 32
    },
    {
      "id": 138,
      "firstName": "Kiri",
      "lastName": "Challace",
      "email": "kchallace3t@shinystat.com",
      "dob": "2001-11-07T08:59:39Z",
      "gender": "Female",
      "education": "Matric",
      "company": "Quatz",
      "experience": 5,
      "package": 12
    },
    {
      "id": 139,
      "firstName": "Alexis",
      "lastName": "Sharpless",
      "email": "asharpless3u@mac.com",
      "dob": "2003-12-07T01:52:15Z",
      "gender": "Female",
      "education": "Matric",
      "company": "Thoughtsphere",
      "experience": 44,
      "package": 30
    },
    {
      "id": 140,
      "firstName": "Aylmer",
      "lastName": "Dacke",
      "email": "adacke3v@spotify.com",
      "dob": "1999-10-09T16:19:19Z",
      "gender": "Male",
      "education": "Graduate",
      "company": "Kanoodle",
      "experience": 82,
      "package": 18
    },
    {
      "id": 141,
      "firstName": "Elysia",
      "lastName": "Alger",
      "email": "ealger3w@shinystat.com",
      "dob": "1985-09-15T14:37:48Z",
      "gender": "Female",
      "education": "Intermediate",
      "company": "Yata",
      "experience": 78,
      "package": 26
    },
    {
      "id": 142,
      "firstName": "Jaimie",
      "lastName": "Wreiford",
      "email": "jwreiford3x@biglobe.ne.jp",
      "dob": "1996-05-12T08:54:42Z",
      "gender": "Male",
      "education": "Graduate",
      "company": "Skipfire",
      "experience": 48,
      "package": 5
    },
    {
      "id": 143,
      "firstName": "Yoshiko",
      "lastName": "Worswick",
      "email": "yworswick3y@sciencedirect.com",
      "dob": "1987-06-22T00:32:44Z",
      "gender": "Non-binary",
      "education": "Graduate",
      "company": "Skyndu",
      "experience": 54,
      "package": 24
    },
    {
      "id": 144,
      "firstName": "Laird",
      "lastName": "Shelly",
      "email": "lshelly3z@exblog.jp",
      "dob": "2003-12-21T00:06:36Z",
      "gender": "Male",
      "education": "Intermediate",
      "company": "Jaxspan",
      "experience": 15,
      "package": 20
    },
    {
      "id": 145,
      "firstName": "Heywood",
      "lastName": "Biner",
      "email": "hbiner40@newyorker.com",
      "dob": "1984-10-28T21:40:21Z",
      "gender": "Male",
      "education": "Graduate",
      "company": "Aivee",
      "experience": 77,
      "package": 9
    },
    {
      "id": 146,
      "firstName": "Bing",
      "lastName": "Britian",
      "email": "bbritian41@4shared.com",
      "dob": "2000-09-19T15:22:23Z",
      "gender": "Male",
      "education": "Matric",
      "company": "Edgeify",
      "experience": 57,
      "package": 23
    },
    {
      "id": 147,
      "firstName": "Ollie",
      "lastName": "Doby",
      "email": "odoby42@nifty.com",
      "dob": "2000-05-22T01:05:45Z",
      "gender": "Female",
      "education": "Post Graduate",
      "company": "Flashpoint",
      "experience": 7,
      "package": 16
    },
    {
      "id": 148,
      "firstName": "Ali",
      "lastName": "Pomfrett",
      "email": "apomfrett43@rakuten.co.jp",
      "dob": "1992-12-25T21:46:44Z",
      "gender": "Male",
      "education": "Graduate",
      "company": "Voonte",
      "experience": 3,
      "package": 9
    },
    {
      "id": 149,
      "firstName": "Worthington",
      "lastName": "Dronsfield",
      "email": "wdronsfield44@flickr.com",
      "dob": "2002-08-24T12:45:27Z",
      "gender": "Male",
      "education": "Intermediate",
      "company": "Wikivu",
      "experience": 94,
      "package": 29
    },
    {
      "id": 150,
      "firstName": "Tristam",
      "lastName": "Geerdts",
      "email": "tgeerdts45@diigo.com",
      "dob": "1986-02-02T02:48:09Z",
      "gender": "Male",
      "education": "Intermediate",
      "company": "Fadeo",
      "experience": 11,
      "package": 24
    },
    {
      "id": 151,
      "firstName": "Cecilio",
      "lastName": "Fearnley",
      "email": "cfearnley46@last.fm",
      "dob": "1992-10-14T00:43:34Z",
      "gender": "Male",
      "education": "Intermediate",
      "company": "Mybuzz",
      "experience": 60,
      "package": 21
    },
    {
      "id": 152,
      "firstName": "Ilse",
      "lastName": "Gonning",
      "email": "igonning47@last.fm",
      "dob": "2002-03-13T21:38:39Z",
      "gender": "Female",
      "education": "Intermediate",
      "company": "Rhynyx",
      "experience": 34,
      "package": 5
    },
    {
      "id": 153,
      "firstName": "Howard",
      "lastName": "Doubleday",
      "email": "hdoubleday48@shop-pro.jp",
      "dob": "1989-05-30T19:46:11Z",
      "gender": "Male",
      "education": "Post Graduate",
      "company": "Kwilith",
      "experience": 67,
      "package": 18
    },
    {
      "id": 154,
      "firstName": "Ronalda",
      "lastName": "Guidelli",
      "email": "rguidelli49@is.gd",
      "dob": "2001-11-20T22:27:55Z",
      "gender": "Female",
      "education": "Matric",
      "company": "Mynte",
      "experience": 6,
      "package": 34
    },
    {
      "id": 155,
      "firstName": "Jemmie",
      "lastName": "Iban",
      "email": "jiban4a@networksolutions.com",
      "dob": "1985-10-24T07:07:52Z",
      "gender": "Female",
      "education": "Diploma",
      "company": "InnoZ",
      "experience": 89,
      "package": 7
    },
    {
      "id": 156,
      "firstName": "Celesta",
      "lastName": "Dashkov",
      "email": "cdashkov4b@vkontakte.ru",
      "dob": "1985-06-22T14:34:54Z",
      "gender": "Female",
      "education": "Post Graduate",
      "company": "Roodel",
      "experience": 35,
      "package": 19
    },
    {
      "id": 157,
      "firstName": "Kliment",
      "lastName": "Whittet",
      "email": "kwhittet4c@cam.ac.uk",
      "dob": "2003-01-31T11:35:03Z",
      "gender": "Male",
      "education": "Intermediate",
      "company": "Npath",
      "experience": 24,
      "package": 36
    },
    {
      "id": 158,
      "firstName": "Cliff",
      "lastName": "De Bernardis",
      "email": "cdebernardis4d@amazonaws.com",
      "dob": "1987-02-19T18:52:40Z",
      "gender": "Male",
      "education": "Diploma",
      "company": "Wikido",
      "experience": 10,
      "package": 29
    },
    {
      "id": 159,
      "firstName": "Sherline",
      "lastName": "Croyden",
      "email": "scroyden4e@aol.com",
      "dob": "1981-08-15T01:00:52Z",
      "gender": "Female",
      "education": "Post Graduate",
      "company": "Fivebridge",
      "experience": 68,
      "package": 18
    },
    {
      "id": 160,
      "firstName": "Nadia",
      "lastName": "Borrie",
      "email": "nborrie4f@google.co.uk",
      "dob": "1998-07-16T15:01:37Z",
      "gender": "Female",
      "education": "Diploma",
      "company": "Mudo",
      "experience": 69,
      "package": 17
    },
    {
      "id": 161,
      "firstName": "Felipe",
      "lastName": "Kyrkeman",
      "email": "fkyrkeman4g@hhs.gov",
      "dob": "1996-03-23T07:58:39Z",
      "gender": "Male",
      "education": "Diploma",
      "company": "Pixope",
      "experience": 56,
      "package": 33
    },
    {
      "id": 162,
      "firstName": "Gerick",
      "lastName": "Lowdiane",
      "email": "glowdiane4h@friendfeed.com",
      "dob": "1998-04-03T16:43:08Z",
      "gender": "Male",
      "education": "Post Graduate",
      "company": "Jabbersphere",
      "experience": 25,
      "package": 20
    },
    {
      "id": 163,
      "firstName": "Wes",
      "lastName": "Durrell",
      "email": "wdurrell4i@list-manage.com",
      "dob": "1983-04-10T07:05:55Z",
      "gender": "Male",
      "education": "Matric",
      "company": "Ainyx",
      "experience": 9,
      "package": 15
    },
    {
      "id": 164,
      "firstName": "Heath",
      "lastName": "Berriball",
      "email": "hberriball4j@pbs.org",
      "dob": "1988-10-09T06:14:11Z",
      "gender": "Bigender",
      "education": "Graduate",
      "company": "Mydeo",
      "experience": 34,
      "package": 17
    },
    {
      "id": 165,
      "firstName": "Theodosia",
      "lastName": "Alejo",
      "email": "talejo4k@sourceforge.net",
      "dob": "2002-03-23T23:41:54Z",
      "gender": "Female",
      "education": "Diploma",
      "company": "Skyble",
      "experience": 54,
      "package": 30
    },
    {
      "id": 166,
      "firstName": "Electra",
      "lastName": "Frankis",
      "email": "efrankis4l@bizjournals.com",
      "dob": "1993-02-02T01:49:12Z",
      "gender": "Female",
      "education": "Intermediate",
      "company": "Dabvine",
      "experience": 80,
      "package": 5
    },
    {
      "id": 167,
      "firstName": "Stephi",
      "lastName": "Corrin",
      "email": "scorrin4m@tripod.com",
      "dob": "1998-08-09T22:32:16Z",
      "gender": "Female",
      "education": "Diploma",
      "company": "Flipstorm",
      "experience": 11,
      "package": 14
    },
    {
      "id": 168,
      "firstName": "Sherwin",
      "lastName": "Bampfield",
      "email": "sbampfield4n@cnet.com",
      "dob": "1994-05-17T07:29:22Z",
      "gender": "Male",
      "education": "Matric",
      "company": "Ntag",
      "experience": 53,
      "package": 12
    },
    {
      "id": 169,
      "firstName": "Donall",
      "lastName": "Whyberd",
      "email": "dwhyberd4o@unesco.org",
      "dob": "1999-05-12T17:05:25Z",
      "gender": "Male",
      "education": "Post Graduate",
      "company": "Edgeclub",
      "experience": 86,
      "package": 25
    },
    {
      "id": 170,
      "firstName": "Maren",
      "lastName": "Fidian",
      "email": "mfidian4p@is.gd",
      "dob": "2004-01-21T11:25:30Z",
      "gender": "Female",
      "education": "Diploma",
      "company": "Mycat",
      "experience": 4,
      "package": 16
    },
    {
      "id": 171,
      "firstName": "Sebastian",
      "lastName": "Purver",
      "email": "spurver4q@etsy.com",
      "dob": "2003-12-12T17:12:55Z",
      "gender": "Male",
      "education": "Intermediate",
      "company": "Riffpath",
      "experience": 38,
      "package": 25
    },
    {
      "id": 172,
      "firstName": "Stephine",
      "lastName": "Stading",
      "email": "sstading4r@bloomberg.com",
      "dob": "1986-05-27T08:05:51Z",
      "gender": "Female",
      "education": "Graduate",
      "company": "Gabcube",
      "experience": 37,
      "package": 33
    },
    {
      "id": 173,
      "firstName": "Salomo",
      "lastName": "Cattrell",
      "email": "scattrell4s@alexa.com",
      "dob": "1996-11-24T17:30:36Z",
      "gender": "Male",
      "education": "Diploma",
      "company": "Youbridge",
      "experience": 80,
      "package": 27
    },
    {
      "id": 174,
      "firstName": "Rayner",
      "lastName": "Peeke-Vout",
      "email": "rpeekevout4t@cdbaby.com",
      "dob": "1985-09-11T20:28:06Z",
      "gender": "Male",
      "education": "Matric",
      "company": "Skinder",
      "experience": 44,
      "package": 6
    },
    {
      "id": 175,
      "firstName": "Devonne",
      "lastName": "Rogliero",
      "email": "drogliero4u@alibaba.com",
      "dob": "1989-12-10T09:08:47Z",
      "gender": "Female",
      "education": "Diploma",
      "company": "Avavee",
      "experience": 33,
      "package": 7
    },
    {
      "id": 176,
      "firstName": "Monte",
      "lastName": "Scarasbrick",
      "email": "mscarasbrick4v@ow.ly",
      "dob": "2000-11-08T16:05:33Z",
      "gender": "Polygender",
      "education": "Post Graduate",
      "company": "Bluezoom",
      "experience": 94,
      "package": 26
    },
    {
      "id": 177,
      "firstName": "Danny",
      "lastName": "Devers",
      "email": "ddevers4w@dedecms.com",
      "dob": "1987-12-29T12:13:42Z",
      "gender": "Male",
      "education": "Post Graduate",
      "company": "Pixope",
      "experience": 68,
      "package": 29
    },
    {
      "id": 178,
      "firstName": "Toddie",
      "lastName": "Kirke",
      "email": "tkirke4x@flavors.me",
      "dob": "1984-04-10T10:30:52Z",
      "gender": "Male",
      "education": "Post Graduate",
      "company": "Gabtype",
      "experience": 19,
      "package": 16
    },
    {
      "id": 179,
      "firstName": "Elvis",
      "lastName": "Kiddye",
      "email": "ekiddye4y@mit.edu",
      "dob": "1995-05-03T11:34:02Z",
      "gender": "Male",
      "education": "Intermediate",
      "company": "Mymm",
      "experience": 45,
      "package": 29
    },
    {
      "id": 180,
      "firstName": "Lizzie",
      "lastName": "Fowell",
      "email": "lfowell4z@hibu.com",
      "dob": "1984-03-16T05:17:39Z",
      "gender": "Female",
      "education": "Diploma",
      "company": "Skipfire",
      "experience": 11,
      "package": 23
    },
    {
      "id": 181,
      "firstName": "Merry",
      "lastName": "Samter",
      "email": "msamter50@geocities.jp",
      "dob": "2003-05-17T07:26:01Z",
      "gender": "Female",
      "education": "Post Graduate",
      "company": "Tambee",
      "experience": 98,
      "package": 29
    },
    {
      "id": 182,
      "firstName": "Reba",
      "lastName": "Starking",
      "email": "rstarking51@drupal.org",
      "dob": "1992-05-17T19:33:01Z",
      "gender": "Female",
      "education": "Matric",
      "company": "Skyble",
      "experience": 76,
      "package": 17
    },
    {
      "id": 183,
      "firstName": "Trumann",
      "lastName": "McCafferky",
      "email": "tmccafferky52@indiegogo.com",
      "dob": "1997-06-23T09:32:15Z",
      "gender": "Male",
      "education": "Matric",
      "company": "Agivu",
      "experience": 86,
      "package": 5
    },
    {
      "id": 184,
      "firstName": "Hubey",
      "lastName": "MacGovern",
      "email": "hmacgovern53@photobucket.com",
      "dob": "1983-11-05T17:32:17Z",
      "gender": "Male",
      "education": "Post Graduate",
      "company": "Skyble",
      "experience": 23,
      "package": 27
    },
    {
      "id": 185,
      "firstName": "Elisabeth",
      "lastName": "Mowday",
      "email": "emowday54@mac.com",
      "dob": "2004-10-18T00:36:01Z",
      "gender": "Female",
      "education": "Intermediate",
      "company": "Janyx",
      "experience": 20,
      "package": 27
    },
    {
      "id": 186,
      "firstName": "Elspeth",
      "lastName": "Dibbs",
      "email": "edibbs55@zimbio.com",
      "dob": "1981-02-19T09:17:12Z",
      "gender": "Female",
      "education": "Intermediate",
      "company": "Babblestorm",
      "experience": 25,
      "package": 6
    },
    {
      "id": 187,
      "firstName": "Harold",
      "lastName": "Lampke",
      "email": "hlampke56@acquirethisname.com",
      "dob": "2000-10-23T10:48:44Z",
      "gender": "Male",
      "education": "Graduate",
      "company": "Browsebug",
      "experience": 50,
      "package": 34
    },
    {
      "id": 188,
      "firstName": "Katrina",
      "lastName": "Yurikov",
      "email": "kyurikov57@yandex.ru",
      "dob": "1990-11-07T11:22:21Z",
      "gender": "Female",
      "education": "Graduate",
      "company": "Feednation",
      "experience": 100,
      "package": 24
    },
    {
      "id": 189,
      "firstName": "Rosanna",
      "lastName": "Errol",
      "email": "rerrol58@w3.org",
      "dob": "2001-08-26T04:42:25Z",
      "gender": "Female",
      "education": "Diploma",
      "company": "Blogspan",
      "experience": 25,
      "package": 24
    },
    {
      "id": 190,
      "firstName": "Clarissa",
      "lastName": "Kunat",
      "email": "ckunat59@usa.gov",
      "dob": "2004-05-18T01:28:52Z",
      "gender": "Female",
      "education": "Intermediate",
      "company": "Oyope",
      "experience": 57,
      "package": 23
    },
    {
      "id": 191,
      "firstName": "Sheri",
      "lastName": "Houndson",
      "email": "shoundson5a@nhs.uk",
      "dob": "1981-06-17T09:44:03Z",
      "gender": "Female",
      "education": "Matric",
      "company": "Mycat",
      "experience": 89,
      "package": 21
    },
    {
      "id": 192,
      "firstName": "Bryn",
      "lastName": "Bernardy",
      "email": "bbernardy5b@purevolume.com",
      "dob": "2001-11-02T14:01:41Z",
      "gender": "Male",
      "education": "Intermediate",
      "company": "Skinix",
      "experience": 50,
      "package": 18
    },
    {
      "id": 193,
      "firstName": "Alexio",
      "lastName": "Jirasek",
      "email": "ajirasek5c@vinaora.com",
      "dob": "1996-03-21T13:04:23Z",
      "gender": "Male",
      "education": "Diploma",
      "company": "Mybuzz",
      "experience": 39,
      "package": 39
    },
    {
      "id": 194,
      "firstName": "Moritz",
      "lastName": "Leverette",
      "email": "mleverette5d@com.com",
      "dob": "1997-11-12T12:25:06Z",
      "gender": "Male",
      "education": "Intermediate",
      "company": "Yakijo",
      "experience": 62,
      "package": 24
    },
    {
      "id": 195,
      "firstName": "Bartram",
      "lastName": "Rhead",
      "email": "brhead5e@bloglines.com",
      "dob": "2004-01-20T15:03:13Z",
      "gender": "Male",
      "education": "Intermediate",
      "company": "Fivechat",
      "experience": 39,
      "package": 36
    },
    {
      "id": 196,
      "firstName": "Marcille",
      "lastName": "Accombe",
      "email": "maccombe5f@hostgator.com",
      "dob": "1997-03-16T23:51:10Z",
      "gender": "Female",
      "education": "Matric",
      "company": "Skimia",
      "experience": 99,
      "package": 18
    },
    {
      "id": 197,
      "firstName": "Olympia",
      "lastName": "Gaughan",
      "email": "ogaughan5g@instagram.com",
      "dob": "1998-03-13T16:27:41Z",
      "gender": "Female",
      "education": "Post Graduate",
      "company": "Abatz",
      "experience": 10,
      "package": 11
    },
    {
      "id": 198,
      "firstName": "Juliet",
      "lastName": "Ottey",
      "email": "jottey5h@reuters.com",
      "dob": "1986-01-06T19:46:06Z",
      "gender": "Genderfluid",
      "education": "Post Graduate",
      "company": "Gabspot",
      "experience": 51,
      "package": 20
    },
    {
      "id": 199,
      "firstName": "Nancy",
      "lastName": "Gladdis",
      "email": "ngladdis5i@posterous.com",
      "dob": "2001-11-15T10:33:48Z",
      "gender": "Female",
      "education": "Graduate",
      "company": "Flashpoint",
      "experience": 20,
      "package": 17
    },
    {
      "id": 200,
      "firstName": "Rhona",
      "lastName": "Pickup",
      "email": "rpickup5j@yandex.ru",
      "dob": "1985-03-06T18:31:22Z",
      "gender": "Female",
      "education": "Intermediate",
      "company": "Photobug",
      "experience": 2,
      "package": 16
    }
  ]
}